<?xml version="1.0" encoding="UTF-8"?>
<project version="4">
  <component name="ChangeListManager">
    <list default="true" id="6b388eb0-48e2-41e7-80b7-79f318c89eba" name="Default Changelist" comment="" />
    <option name="EXCLUDED_CONVERTED_TO_IGNORED" value="true" />
    <option name="SHOW_DIALOG" value="false" />
    <option name="HIGHLIGHT_CONFLICTS" value="true" />
    <option name="HIGHLIGHT_NON_ACTIVE_CHANGELIST" value="false" />
    <option name="LAST_RESOLUTION" value="IGNORE" />
  </component>
  <component name="CoverageDataManager">
    <SUITE FILE_PATH="coverage/pytello$go.coverage" NAME="go Coverage Results" MODIFIED="1551477348415" SOURCE_PROVIDER="com.intellij.coverage.DefaultCoverageFileProvider" RUNNER="coverage.py" COVERAGE_BY_TEST_ENABLED="true" COVERAGE_TRACING_ENABLED="false" WORKING_DIRECTORY="$PROJECT_DIR$/tools" />
  </component>
  <component name="FileEditorManager">
    <leaf SIDE_TABS_SIZE_LIMIT_KEY="300">
      <file pinned="false" current-in-tab="true">
        <entry file="file://$PROJECT_DIR$/tools/image_face_detect.py">
          <provider selected="true" editor-type-id="text-editor">
            <state relative-caret-position="36">
              <caret line="1" selection-start-line="1" selection-end-line="1" />
            </state>
          </provider>
        </entry>
      </file>
      <file pinned="false" current-in-tab="false">
        <entry file="file://$USER_HOME$/Library/Caches/PyCharm2018.3/python_stubs/1437855905/cv2/cv2/VideoCapture.py">
          <provider selected="true" editor-type-id="text-editor">
            <state relative-caret-position="279">
              <caret line="27" column="6" selection-start-line="27" selection-start-column="6" selection-end-line="27" selection-end-column="6" />
            </state>
          </provider>
        </entry>
      </file>
    </leaf>
  </component>
  <component name="FileTemplateManagerImpl">
    <option name="RECENT_TEMPLATES">
      <list>
        <option value="Python Script" />
      </list>
    </option>
  </component>
  <component name="IdeDocumentHistory">
    <option name="CHANGED_PATHS">
      <list>
        <option value="$PROJECT_DIR$/main.py" />
        <option value="$PROJECT_DIR$/tools/image_face_detect.py" />
      </list>
    </option>
  </component>
  <component name="ProjectFrameBounds">
    <option name="x" value="2317" />
    <option name="y" value="23" />
    <option name="width" value="1920" />
    <option name="height" value="1081" />
  </component>
  <component name="ProjectView">
    <navigator proportions="" version="1">
      <foldersAlwaysOnTop value="true" />
    </navigator>
    <panes>
      <pane id="ProjectPane">
        <subPane>
          <expand>
            <path>
              <item name="pytello" type="b2602c69:ProjectViewProjectNode" />
              <item name="pytello" type="462c0819:PsiDirectoryNode" />
            </path>
            <path>
              <item name="pytello" type="b2602c69:ProjectViewProjectNode" />
              <item name="pytello" type="462c0819:PsiDirectoryNode" />
              <item name="tools" type="462c0819:PsiDirectoryNode" />
            </path>
          </expand>
          <select />
        </subPane>
      </pane>
      <pane id="Scope" />
    </panes>
  </component>
  <component name="PropertiesComponent">
    <property name="WebServerToolWindowFactoryState" value="false" />
    <property name="settings.editor.selected.configurable" value="editor.preferences.fonts.default" />
  </component>
  <component name="RecentsManager">
    <key name="MoveFile.RECENT_KEYS">
      <recent name="$PROJECT_DIR$/tools" />
    </key>
  </component>
  <component name="RunDashboard">
    <option name="ruleStates">
      <list>
        <RuleState>
          <option name="name" value="ConfigurationTypeDashboardGroupingRule" />
        </RuleState>
        <RuleState>
          <option name="name" value="StatusDashboardGroupingRule" />
        </RuleState>
      </list>
    </option>
  </component>
  <component name="RunManager">
    <configuration name="go" type="PythonConfigurationType" factoryName="Python">
      <module name="pytello" />
      <option name="INTERPRETER_OPTIONS" value="" />
      <option name="PARENT_ENVS" value="true" />
      <envs>
        <env name="PYTHONUNBUFFERED" value="1" />
      </envs>
      <option name="SDK_HOME" value="/usr/local/bin/python3" />
      <option name="WORKING_DIRECTORY" value="$PROJECT_DIR$/tools" />
      <option name="IS_MODULE_SDK" value="false" />
      <option name="ADD_CONTENT_ROOTS" value="true" />
      <option name="ADD_SOURCE_ROOTS" value="true" />
      <EXTENSION ID="PythonCoverageRunConfigurationExtension" runner="coverage.py" />
      <option name="SCRIPT_NAME" value="$PROJECT_DIR$/tools/image_face_detect.py" />
      <option name="PARAMETERS" value="" />
      <option name="SHOW_COMMAND_LINE" value="false" />
      <option name="EMULATE_TERMINAL" value="false" />
      <option name="MODULE_MODE" value="false" />
      <option name="REDIRECT_INPUT" value="false" />
      <option name="INPUT_FILE" value="" />
      <method v="2" />
    </configuration>
  </component>
  <component name="SvnConfiguration">
    <configuration />
  </component>
  <component name="TaskManager">
    <task active="true" id="Default" summary="Default task">
      <changelist id="6b388eb0-48e2-41e7-80b7-79f318c89eba" name="Default Changelist" comment="" />
      <created>1551333188096</created>
      <option name="number" value="Default" />
      <option name="presentableId" value="Default" />
      <updated>1551333188096</updated>
      <workItem from="1551333190083" duration="983000" />
      <workItem from="1551397677697" duration="1906000" />
      <workItem from="1551415550530" duration="1631000" />
      <workItem from="1551469892789" duration="4282000" />
    </task>
    <servers />
  </component>
  <component name="TimeTrackingManager">
    <option name="totallyTimeSpent" value="8802000" />
  </component>
  <component name="ToolWindowManager">
    <frame x="2317" y="23" width="1920" height="1081" extended-state="0" />
    <editor active="true" />
    <layout>
      <window_info content_ui="combo" id="Project" order="0" weight="0.11341853" />
      <window_info id="Structure" order="1" side_tool="true" weight="0.25" />
      <window_info id="Favorites" order="2" side_tool="true" />
      <window_info anchor="bottom" id="Message" order="0" />
      <window_info anchor="bottom" id="Find" order="1" />
      <window_info anchor="bottom" id="Debug" order="2" weight="0.44827586" />
      <window_info anchor="bottom" id="Cvs" order="3" weight="0.25" />
      <window_info anchor="bottom" id="Inspection" order="4" weight="0.4" />
      <window_info anchor="bottom" id="TODO" order="5" />
      <window_info anchor="bottom" id="Docker" order="6" show_stripe_button="false" />
      <window_info anchor="bottom" id="Version Control" order="7" />
      <window_info anchor="bottom" id="Database Changes" order="8" />
      <window_info anchor="bottom" id="Event Log" order="9" side_tool="true" />
      <window_info anchor="bottom" id="Terminal" order="10" />
      <window_info anchor="bottom" id="Python Console" order="11" />
      <window_info anchor="right" id="Commander" internal_type="SLIDING" order="0" type="SLIDING" weight="0.4" />
      <window_info anchor="right" id="Ant Build" order="1" weight="0.25" />
      <window_info anchor="right" content_ui="combo" id="Hierarchy" order="2" weight="0.25" />
      <window_info anchor="right" id="SciView" order="3" />
      <window_info anchor="right" id="Database" order="4" />
      <window_info active="true" anchor="right" id="Run" order="5" visible="true" weight="0.22204472" />
    </layout>
  </component>
  <component name="TypeScriptGeneratedFilesManager">
    <option name="version" value="1" />
  </component>
  <component name="editorHistoryManager">
    <entry file="file://$PROJECT_DIR$/main.py">
      <provider selected="true" editor-type-id="text-editor" />
    </entry>
    <entry file="file://$USER_HOME$/Library/Caches/PyCharm2018.3/python_stubs/1437855905/cv2/cv2/VideoCapture.py">
      <provider selected="true" editor-type-id="text-editor">
        <state relative-caret-position="279">
          <caret line="27" column="6" selection-start-line="27" selection-start-column="6" selection-end-line="27" selection-end-column="6" />
        </state>
      </provider>
    </entry>
    <entry file="file://$PROJECT_DIR$/tools/image_face_detect.py">
      <provider selected="true" editor-type-id="text-editor">
        <state relative-caret-position="36">
          <caret line="1" selection-start-line="1" selection-end-line="1" />
        </state>
      </provider>
    </entry>
  </component>
</project>